{
    "overall_accuracy": 80.7753164556962,
    "class_accuracies": {
        "Africa": 73.39667458432304,
        "Asia": 74.34679334916865,
        "Europe": 81.43584248593625,
        "Japan": 89.0625,
        "Middle East": 45.67901234567901,
        "North America": 86.10729023383769,
        "Oceania": 78.36644591611478,
        "South America": 69.81818181818183
    },
    "train_losses": [
        1.3298552659133778,
        0.9920253445677106,
        0.8453312266871505,
        0.7366913324344267,
        0.6646739692474284,
        0.6001552366760923,
        0.5261713550431625,
        0.35158425159945084,
        0.2915568368407867,
        0.2597862217379634,
        0.23595335958633012,
        0.21741978588361713,
        0.19980700226027,
        0.185436612746311,
        0.167334592462007,
        0.16516727188967503,
        0.1646553849648733,
        0.16012805316099135,
        0.16053205440684387,
        0.15847830191125648,
        0.15485178089118423,
        0.1586236575209983,
        0.15365110122192158,
        0.1571574433363153,
        0.1532550917484735,
        0.15121941806891562,
        0.15185928132742277,
        0.15325589077877028,
        0.1526774616339057,
        0.15290314138789504
    ],
    "test_accuracies": [
        66.68314873417721,
        67.02927215189874,
        71.57832278481013,
        71.82555379746836,
        74.55498417721519,
        73.09137658227849,
        75.6131329113924,
        79.08425632911393,
        79.53916139240506,
        80.5379746835443,
        80.82476265822785,
        80.55775316455696,
        80.35996835443038,
        80.66653481012658,
        81.16099683544304,
        80.89398734177215,
        81.02254746835443,
        80.73575949367088,
        80.67642405063292,
        80.45886075949367,
        80.67642405063292,
        80.61708860759494,
        81.11155063291139,
        81.36867088607595,
        81.1807753164557,
        80.97310126582279,
        80.48852848101266,
        80.26107594936708,
        81.09177215189874,
        80.7753164556962
    ]
}