{
    "overall_accuracy": 51.33504746835443,
    "class_accuracies": {
        "Africa": 54.86935866983374,
        "Asia": 52.850356294536816,
        "Europe": 43.58424859362443,
        "Japan": 75.26041666666666,
        "Middle East": 59.876543209876544,
        "North America": 52.88858321870702,
        "Oceania": 62.913907284768214,
        "South America": 47.27272727272727
    },
    "train_losses": [
        2.0824555108806218,
        1.9419108399631395,
        1.8482722132461173,
        1.790212630181971,
        1.6801674630221646,
        1.581705312329462,
        1.5185479574169336,
        1.378458167849145,
        1.3387831802203083,
        1.3217040288747186,
        1.2843057136468283,
        1.2769018371314866,
        1.2543210927300656,
        1.248236055220924,
        1.2187001941168967,
        1.2149810776310142,
        1.207976322166008,
        1.2032435322324926,
        1.2008402354324477,
        1.2020969090474065,
        1.1926922990513948,
        1.1930010838903282,
        1.1964187494464666,
        1.1994486703514056,
        1.1904618442651527,
        1.1931395530344906,
        1.1915323455353632,
        1.1902747139174579,
        1.188261590414772,
        1.192740141455984
    ],
    "test_accuracies": [
        14.863528481012658,
        26.186708860759495,
        19.946598101265824,
        31.299446202531644,
        36.90664556962025,
        44.68947784810127,
        42.276503164556964,
        47.62658227848101,
        50.18789556962025,
        50.43512658227848,
        51.99762658227848,
        49.13963607594937,
        50.77136075949367,
        51.30537974683544,
        53.52056962025316,
        51.46360759493671,
        52.610759493670884,
        52.68987341772152,
        50.93947784810127,
        50.38568037974684,
        50.67246835443038,
        51.157041139240505,
        53.372231012658226,
        52.42286392405063,
        50.90981012658228,
        51.59216772151899,
        50.75158227848101,
        51.14715189873418,
        52.24485759493671,
        51.33504746835443
    ]
}