{
    "overall_accuracy": 37.85601265822785,
    "class_accuracies": {
        "Africa": 51.06888361045131,
        "Asia": 35.74821852731592,
        "Europe": 30.913474417358692,
        "Japan": 54.036458333333336,
        "Middle East": 56.79012345679012,
        "North America": 41.50618982118294,
        "Oceania": 51.21412803532009,
        "South America": 25.696969696969695
    },
    "train_losses": [
        2.1389585368148465,
        1.9175334992372701,
        1.8864233497125524,
        1.854260233261649,
        1.8102312761618709,
        1.779256027815971,
        1.756664395806707,
        1.6777337804241006,
        1.6494982339118611,
        1.6415877399860128,
        1.6192240548285648,
        1.6154755836599526,
        1.60283066127768,
        1.5940186027934056,
        1.581498152247663,
        1.574534399216269,
        1.5733269010935464,
        1.5710891304004728,
        1.5676344051287083,
        1.5718720243644106,
        1.5689920012665326,
        1.5702968607658512,
        1.5666086263880519,
        1.5679823456415845,
        1.560935195584341,
        1.5581697288661946,
        1.57037050456959,
        1.563379117586771,
        1.5648975662629157,
        1.5655183405976727
    ],
    "test_accuracies": [
        16.53481012658228,
        22.735363924050635,
        20.09493670886076,
        27.8876582278481,
        28.77768987341772,
        29.499604430379748,
        32.15981012658228,
        33.16851265822785,
        35.37381329113924,
        33.47507911392405,
        36.214398734177216,
        34.048655063291136,
        35.36392405063291,
        35.95727848101266,
        36.65941455696203,
        36.81764240506329,
        35.85838607594937,
        36.214398734177216,
        35.20569620253165,
        36.451740506329116,
        35.72982594936709,
        36.550632911392405,
        37.16376582278481,
        37.015427215189874,
        36.84731012658228,
        36.580300632911396,
        37.37143987341772,
        36.65941455696203,
        37.55933544303797,
        37.85601265822785
    ]
}