{
    "overall_accuracy": 74.56487341772153,
    "class_accuracies": {
        "Africa": 71.02137767220903,
        "Asia": 71.02137767220903,
        "Europe": 73.98874899544602,
        "Japan": 84.89583333333334,
        "Middle East": 48.76543209876543,
        "North America": 80.57083906464925,
        "Oceania": 68.43267108167771,
        "South America": 60.24242424242424
    },
    "train_losses": [
        1.5014183896497764,
        1.1626676399775155,
        1.0185553956520401,
        0.9074606116530528,
        0.827769904071669,
        0.7547179682086153,
        0.6782504098435773,
        0.4906213644860847,
        0.4155962425923376,
        0.37803596160917513,
        0.34737285593627604,
        0.32726183952003945,
        0.30627297807797654,
        0.28582739093705234,
        0.26422827847159647,
        0.25739063858582684,
        0.25924973577183885,
        0.2517871771488076,
        0.2506863497652727,
        0.24694385608733055,
        0.24193385787830024,
        0.24602168599062832,
        0.24108561984838905,
        0.24524663583962175,
        0.2420084607071057,
        0.2420008530557879,
        0.23905225039503866,
        0.2422596484154368,
        0.24087877154729778,
        0.24131700030160744
    ],
    "test_accuracies": [
        57.28837025316456,
        64.11194620253164,
        65.25909810126582,
        65.64477848101266,
        65.7931170886076,
        66.55458860759494,
        68.70055379746836,
        72.8243670886076,
        72.88370253164557,
        74.04074367088607,
        74.57476265822785,
        74.66376582278481,
        74.37697784810126,
        74.94066455696202,
        74.87143987341773,
        74.3868670886076,
        74.70332278481013,
        74.09018987341773,
        74.25830696202532,
        74.46598101265823,
        74.08030063291139,
        74.8318829113924,
        74.84177215189874,
        75.20767405063292,
        74.7626582278481,
        74.43631329113924,
        74.63409810126582,
        74.56487341772151,
        74.51542721518987,
        74.56487341772151
    ]
}