{
    "overall_accuracy": 48.9814082278481,
    "class_accuracies": {
        "Africa": 52.96912114014252,
        "Asia": 48.33729216152019,
        "Europe": 40.12858290918832,
        "Japan": 68.359375,
        "Middle East": 54.32098765432099,
        "North America": 54.7799174690509,
        "Oceania": 62.47240618101545,
        "South America": 40.72727272727273
    },
    "train_losses": [
        2.1087209236275566,
        1.907800344466404,
        1.8232205655059632,
        1.7553796605005048,
        1.696371201139686,
        1.6352154218576556,
        1.5879345951068937,
        1.4647122892164586,
        1.4234869011217886,
        1.4126978590343275,
        1.388142909820555,
        1.3785692139351173,
        1.3594969055043526,
        1.358821512501979,
        1.3368785201056375,
        1.3314422382048483,
        1.3284757219601855,
        1.3267966624374556,
        1.3280019318611556,
        1.3189970292017557,
        1.3149153814816732,
        1.3163412885271217,
        1.3137315876375761,
        1.3223719345446463,
        1.3154247481178774,
        1.308648304141379,
        1.310949617797428,
        1.3158122942331916,
        1.3110931331163567,
        1.3114398405744505
    ],
    "test_accuracies": [
        21.509098101265824,
        26.57238924050633,
        27.610759493670887,
        35.99683544303797,
        35.26503164556962,
        36.105617088607595,
        38.38014240506329,
        44.86748417721519,
        45.74762658227848,
        45.381724683544306,
        48.01226265822785,
        46.32120253164557,
        46.291534810126585,
        46.261867088607595,
        48.41772151898734,
        46.66732594936709,
        47.99248417721519,
        47.05300632911393,
        45.8564082278481,
        47.00356012658228,
        46.469541139240505,
        46.5684335443038,
        48.477056962025316,
        47.1123417721519,
        48.46716772151899,
        46.35087025316456,
        45.609177215189874,
        46.914556962025316,
        47.24090189873418,
        48.9814082278481
    ]
}