{
    "overall_accuracy": 41.29746835443038,
    "class_accuracies": {
        "Africa": 51.06888361045131,
        "Asia": 43.34916864608076,
        "Europe": 32.5475488882936,
        "Japan": 64.32291666666666,
        "Middle East": 53.70370370370371,
        "North America": 44.394773039889955,
        "Oceania": 54.966887417218544,
        "South America": 31.515151515151512
    },
    "train_losses": [
        2.120581502132666,
        1.9973007641225708,
        1.9325572642206055,
        1.885128079255738,
        1.8329197036712426,
        1.778375512591596,
        1.7412772657052482,
        1.6458354423210244,
        1.6182241085227438,
        1.60011144278299,
        1.5757294259031502,
        1.5729122598048846,
        1.5536578540255528,
        1.5383339493909396,
        1.514707103294535,
        1.5150597376079613,
        1.5098765375744143,
        1.501962985145206,
        1.5026438904150141,
        1.4981203935936633,
        1.489108184657152,
        1.489475514871686,
        1.4939689278317978,
        1.4955641502077912,
        1.4924945632063247,
        1.4850263946140805,
        1.4904351910651086,
        1.490422176000752,
        1.4870047614340094,
        1.4890071908838474
    ],
    "test_accuracies": [
        16.96993670886076,
        27.739319620253166,
        17.365506329113924,
        26.819620253164558,
        27.46242088607595,
        27.244857594936708,
        29.6875,
        32.298259493670884,
        36.60007911392405,
        35.52215189873418,
        37.89556962025316,
        37.05498417721519,
        37.91534810126582,
        38.83504746835443,
        41.495253164556964,
        39.41851265822785,
        39.932753164556964,
        39.754746835443036,
        39.49762658227848,
        39.596518987341774,
        39.804193037974684,
        40.65466772151899,
        41.62381329113924,
        40.714003164556964,
        40.65466772151899,
        40.27887658227848,
        39.65585443037975,
        39.65585443037975,
        40.348101265822784,
        41.29746835443038
    ]
}