{
    "overall_accuracy": 56.75435126582279,
    "class_accuracies": {
        "Africa": 59.857482185273156,
        "Asia": 56.294536817102134,
        "Europe": 49.82587731047415,
        "Japan": 73.30729166666666,
        "Middle East": 54.93827160493827,
        "North America": 62.5171939477304,
        "Oceania": 64.67991169977924,
        "South America": 47.27272727272727
    },
    "train_losses": [
        2.048218917618982,
        1.8896748424762282,
        1.7748544149269776,
        1.6693546770342877,
        1.5840240442748095,
        1.5095059607923624,
        1.4580978066428838,
        1.312801531311814,
        1.2680862016925478,
        1.2445642596167774,
        1.2095351194035613,
        1.1994935011915888,
        1.1779760190134165,
        1.1695953539012676,
        1.1425624193421313,
        1.1325747982420582,
        1.1278150394244637,
        1.1306724886803148,
        1.1217455680252686,
        1.1172875924457653,
        1.1179587549414713,
        1.1217935948176447,
        1.1083683881729285,
        1.1172809149229428,
        1.1113994561767275,
        1.114436121265394,
        1.1049090452133494,
        1.1116332312385446,
        1.1083829156962515,
        1.1144216110921694
    ],
    "test_accuracies": [
        27.09651898734177,
        29.707278481012658,
        30.439082278481013,
        38.785601265822784,
        37.78678797468354,
        47.73536392405063,
        44.38291139240506,
        51.364715189873415,
        53.04588607594937,
        53.945806962025316,
        55.270965189873415,
        53.79746835443038,
        53.93591772151899,
        55.57753164556962,
        56.576344936708864,
        55.25118670886076,
        56.160996835443036,
        55.68631329113924,
        54.66772151898734,
        54.855617088607595,
        53.96558544303797,
        55.399525316455694,
        56.30933544303797,
        55.81487341772152,
        56.4873417721519,
        55.607199367088604,
        55.28085443037975,
        55.10284810126582,
        56.388449367088604,
        56.754351265822784
    ]
}