{
    "overall_accuracy": 65.68433544303798,
    "class_accuracies": {
        "Africa": 65.7957244655582,
        "Asia": 62.47030878859857,
        "Europe": 63.35387088132869,
        "Japan": 80.33854166666666,
        "Middle East": 50.617283950617285,
        "North America": 69.80742778541953,
        "Oceania": 61.147902869757175,
        "South America": 56.72727272727273
    },
    "train_losses": [
        1.7899832467941759,
        1.4756651419213793,
        1.3400778322759683,
        1.2382816462534811,
        1.1606260698438402,
        1.0909040707945112,
        1.0247849440472656,
        0.8422481127104056,
        0.7711896215700031,
        0.7404226292261221,
        0.6999485848424827,
        0.6783082881772655,
        0.6530569966332495,
        0.6286491438853186,
        0.6047001593778487,
        0.5927720621578066,
        0.5949246393426975,
        0.5842949496326435,
        0.5842148318791883,
        0.5827988199578354,
        0.5804905693932116,
        0.5786673399233221,
        0.5730191549420404,
        0.5799419324662739,
        0.5745930502756724,
        0.5739207058445277,
        0.5676970668240842,
        0.574447216352665,
        0.571349557541041,
        0.5694424833582067
    ],
    "test_accuracies": [
        43.85878164556962,
        49.95055379746835,
        50.11867088607595,
        53.75791139240506,
        52.66020569620253,
        56.61590189873418,
        58.03995253164557,
        61.71875,
        63.12302215189873,
        64.17128164556962,
        65.64477848101266,
        64.96242088607595,
        63.77571202531646,
        65.09098101265823,
        65.73378164556962,
        65.09098101265823,
        65.35799050632912,
        64.6064082278481,
        64.4382911392405,
        64.89319620253164,
        64.09216772151899,
        65.04153481012658,
        65.89200949367088,
        65.09098101265823,
        65.07120253164557,
        64.69541139240506,
        65.22943037974683,
        64.59651898734177,
        64.92286392405063,
        65.68433544303798
    ]
}