{
    "overall_accuracy": 41.475474683544306,
    "class_accuracies": {
        "Africa": 52.25653206650831,
        "Asia": 40.736342042755346,
        "Europe": 30.645593356549693,
        "Japan": 65.49479166666666,
        "Middle East": 61.111111111111114,
        "North America": 47.489683631361764,
        "Oceania": 54.966887417218544,
        "South America": 30.909090909090907
    },
    "train_losses": [
        2.1172687292478494,
        1.952741718700195,
        1.9024493114624752,
        1.8589926332863878,
        1.8067435805085073,
        1.7564639903092072,
        1.7144949168880006,
        1.6087153625592643,
        1.5770900900791804,
        1.5651922362333648,
        1.5395310107711961,
        1.533276445140793,
        1.5137464306623016,
        1.505604971157238,
        1.4887913652639013,
        1.48077969464751,
        1.479648559728183,
        1.4791081376489397,
        1.472513575953314,
        1.4770420071758978,
        1.4675804859274086,
        1.4692161711525074,
        1.4669630289125195,
        1.4690402721296114,
        1.4684638673453705,
        1.4676708843287747,
        1.4651223116313798,
        1.4671434631302116,
        1.4626215650083723,
        1.464910267360458
    ],
    "test_accuracies": [
        10.334256329113924,
        21.954113924050635,
        12.38132911392405,
        24.46598101265823,
        24.34731012658228,
        31.507120253164558,
        31.418117088607595,
        35.41337025316456,
        38.558148734177216,
        37.11431962025316,
        40.13053797468354,
        37.07476265822785,
        36.649525316455694,
        40.170094936708864,
        42.118275316455694,
        39.95253164556962,
        41.238132911392405,
        40.57555379746835,
        39.04272151898734,
        39.95253164556962,
        39.39873417721519,
        41.109572784810126,
        42.15783227848101,
        40.99090189873418,
        41.811708860759495,
        41.04034810126582,
        40.97112341772152,
        41.08979430379747,
        41.22824367088607,
        41.475474683544306
    ]
}